ID,TITLE,COMPLETED
200,ipsam aperiam voluptates qui,False
200,ipsam aperiam voluptates qui,False
200,ipsam aperiam voluptates qui,False
200,ipsam aperiam voluptates qui,False
200,ipsam aperiam voluptates qui,False
200,ipsam aperiam voluptates qui,False
200,ipsam aperiam voluptates qui,False
200,ipsam aperiam voluptates qui,False
200,ipsam aperiam voluptates qui,False
200,ipsam aperiam voluptates qui,False
200,ipsam aperiam voluptates qui,False
200,ipsam aperiam voluptates qui,False
200,ipsam aperiam voluptates qui,False
200,ipsam aperiam voluptates qui,False
200,ipsam aperiam voluptates qui,False
200,ipsam aperiam voluptates qui,False
200,ipsam aperiam voluptates qui,False
200,ipsam aperiam voluptates qui,False
200,ipsam aperiam voluptates qui,False
200,ipsam aperiam voluptates qui,False
200,ipsam aperiam voluptates qui,False
200,ipsam aperiam voluptates qui,False
200,ipsam aperiam voluptates qui,False
200,ipsam aperiam voluptates qui,False
200,ipsam aperiam voluptates qui,False
200,ipsam aperiam voluptates qui,False
200,ipsam aperiam voluptates qui,False
200,ipsam aperiam voluptates qui,False
200,ipsam aperiam voluptates qui,False
200,ipsam aperiam voluptates qui,False
200,ipsam aperiam voluptates qui,False
200,ipsam aperiam voluptates qui,False
200,ipsam aperiam voluptates qui,False
200,ipsam aperiam voluptates qui,False
200,ipsam aperiam voluptates qui,False
200,ipsam aperiam voluptates qui,False
200,ipsam aperiam voluptates qui,False
200,ipsam aperiam voluptates qui,False
200,ipsam aperiam voluptates qui,False
200,ipsam aperiam voluptates qui,False
200,ipsam aperiam voluptates qui,False
200,ipsam aperiam voluptates qui,False
200,ipsam aperiam voluptates qui,False
200,ipsam aperiam voluptates qui,False
200,ipsam aperiam voluptates qui,False
200,ipsam aperiam voluptates qui,False
200,ipsam aperiam voluptates qui,False
200,ipsam aperiam voluptates qui,False
200,ipsam aperiam voluptates qui,False
200,ipsam aperiam voluptates qui,False
200,ipsam aperiam voluptates qui,False
200,ipsam aperiam voluptates qui,False
200,ipsam aperiam voluptates qui,False
200,ipsam aperiam voluptates qui,False
200,ipsam aperiam voluptates qui,False
200,ipsam aperiam voluptates qui,False
200,ipsam aperiam voluptates qui,False
200,ipsam aperiam voluptates qui,False
200,ipsam aperiam voluptates qui,False
200,ipsam aperiam voluptates qui,False
200,ipsam aperiam voluptates qui,False
200,ipsam aperiam voluptates qui,False
200,ipsam aperiam voluptates qui,False
200,ipsam aperiam voluptates qui,False
200,ipsam aperiam voluptates qui,False
200,ipsam aperiam voluptates qui,False
200,ipsam aperiam voluptates qui,False
200,ipsam aperiam voluptates qui,False
200,ipsam aperiam voluptates qui,False
200,ipsam aperiam voluptates qui,False
200,ipsam aperiam voluptates qui,False
200,ipsam aperiam voluptates qui,False
200,ipsam aperiam voluptates qui,False
200,ipsam aperiam voluptates qui,False
200,ipsam aperiam voluptates qui,False
200,ipsam aperiam voluptates qui,False
200,ipsam aperiam voluptates qui,False
200,ipsam aperiam voluptates qui,False
200,ipsam aperiam voluptates qui,False
200,ipsam aperiam voluptates qui,False
200,ipsam aperiam voluptates qui,False
200,ipsam aperiam voluptates qui,False
200,ipsam aperiam voluptates qui,False
200,ipsam aperiam voluptates qui,False
200,ipsam aperiam voluptates qui,False
200,ipsam aperiam voluptates qui,False
200,ipsam aperiam voluptates qui,False
200,ipsam aperiam voluptates qui,False
200,ipsam aperiam voluptates qui,False
200,ipsam aperiam voluptates qui,False
200,ipsam aperiam voluptates qui,False
200,ipsam aperiam voluptates qui,False
200,ipsam aperiam voluptates qui,False
200,ipsam aperiam voluptates qui,False
200,ipsam aperiam voluptates qui,False
200,ipsam aperiam voluptates qui,False
200,ipsam aperiam voluptates qui,False
200,ipsam aperiam voluptates qui,False
200,ipsam aperiam voluptates qui,False
200,ipsam aperiam voluptates qui,False
200,ipsam aperiam voluptates qui,False
200,ipsam aperiam voluptates qui,False
200,ipsam aperiam voluptates qui,False
200,ipsam aperiam voluptates qui,False
200,ipsam aperiam voluptates qui,False
200,ipsam aperiam voluptates qui,False
200,ipsam aperiam voluptates qui,False
200,ipsam aperiam voluptates qui,False
200,ipsam aperiam voluptates qui,False
200,ipsam aperiam voluptates qui,False
200,ipsam aperiam voluptates qui,False
200,ipsam aperiam voluptates qui,False
200,ipsam aperiam voluptates qui,False
200,ipsam aperiam voluptates qui,False
200,ipsam aperiam voluptates qui,False
200,ipsam aperiam voluptates qui,False
200,ipsam aperiam voluptates qui,False
200,ipsam aperiam voluptates qui,False
200,ipsam aperiam voluptates qui,False
200,ipsam aperiam voluptates qui,False
200,ipsam aperiam voluptates qui,False
200,ipsam aperiam voluptates qui,False
200,ipsam aperiam voluptates qui,False
200,ipsam aperiam voluptates qui,False
200,ipsam aperiam voluptates qui,False
200,ipsam aperiam voluptates qui,False
200,ipsam aperiam voluptates qui,False
200,ipsam aperiam voluptates qui,False
200,ipsam aperiam voluptates qui,False
200,ipsam aperiam voluptates qui,False
200,ipsam aperiam voluptates qui,False
200,ipsam aperiam voluptates qui,False
200,ipsam aperiam voluptates qui,False
200,ipsam aperiam voluptates qui,False
200,ipsam aperiam voluptates qui,False
200,ipsam aperiam voluptates qui,False
200,ipsam aperiam voluptates qui,False
200,ipsam aperiam voluptates qui,False
200,ipsam aperiam voluptates qui,False
200,ipsam aperiam voluptates qui,False
200,ipsam aperiam voluptates qui,False
200,ipsam aperiam voluptates qui,False
200,ipsam aperiam voluptates qui,False
200,ipsam aperiam voluptates qui,False
200,ipsam aperiam voluptates qui,False
200,ipsam aperiam voluptates qui,False
200,ipsam aperiam voluptates qui,False
200,ipsam aperiam voluptates qui,False
200,ipsam aperiam voluptates qui,False
200,ipsam aperiam voluptates qui,False
200,ipsam aperiam voluptates qui,False
200,ipsam aperiam voluptates qui,False
200,ipsam aperiam voluptates qui,False
200,ipsam aperiam voluptates qui,False
200,ipsam aperiam voluptates qui,False
200,ipsam aperiam voluptates qui,False
200,ipsam aperiam voluptates qui,False
200,ipsam aperiam voluptates qui,False
200,ipsam aperiam voluptates qui,False
200,ipsam aperiam voluptates qui,False
200,ipsam aperiam voluptates qui,False
200,ipsam aperiam voluptates qui,False
200,ipsam aperiam voluptates qui,False
200,ipsam aperiam voluptates qui,False
200,ipsam aperiam voluptates qui,False
200,ipsam aperiam voluptates qui,False
200,ipsam aperiam voluptates qui,False
200,ipsam aperiam voluptates qui,False
200,ipsam aperiam voluptates qui,False
200,ipsam aperiam voluptates qui,False
200,ipsam aperiam voluptates qui,False
200,ipsam aperiam voluptates qui,False
200,ipsam aperiam voluptates qui,False
200,ipsam aperiam voluptates qui,False
200,ipsam aperiam voluptates qui,False
200,ipsam aperiam voluptates qui,False
200,ipsam aperiam voluptates qui,False
200,ipsam aperiam voluptates qui,False
200,ipsam aperiam voluptates qui,False
200,ipsam aperiam voluptates qui,False
200,ipsam aperiam voluptates qui,False
200,ipsam aperiam voluptates qui,False
200,ipsam aperiam voluptates qui,False
200,ipsam aperiam voluptates qui,False
200,ipsam aperiam voluptates qui,False
200,ipsam aperiam voluptates qui,False
200,ipsam aperiam voluptates qui,False
200,ipsam aperiam voluptates qui,False
200,ipsam aperiam voluptates qui,False
200,ipsam aperiam voluptates qui,False
200,ipsam aperiam voluptates qui,False
200,ipsam aperiam voluptates qui,False
200,ipsam aperiam voluptates qui,False
200,ipsam aperiam voluptates qui,False
200,ipsam aperiam voluptates qui,False
200,ipsam aperiam voluptates qui,False
200,ipsam aperiam voluptates qui,False
200,ipsam aperiam voluptates qui,False
200,ipsam aperiam voluptates qui,False
200,ipsam aperiam voluptates qui,False
200,ipsam aperiam voluptates qui,False
200,ipsam aperiam voluptates qui,False
200,ipsam aperiam voluptates qui,False
200,ipsam aperiam voluptates qui,False
200,ipsam aperiam voluptates qui,False
200,ipsam aperiam voluptates qui,False
200,ipsam aperiam voluptates qui,False
200,ipsam aperiam voluptates qui,False
200,ipsam aperiam voluptates qui,False
200,ipsam aperiam voluptates qui,False
200,ipsam aperiam voluptates qui,False
200,ipsam aperiam voluptates qui,False
200,ipsam aperiam voluptates qui,False
200,ipsam aperiam voluptates qui,False
200,ipsam aperiam voluptates qui,False
200,ipsam aperiam voluptates qui,False
200,ipsam aperiam voluptates qui,False
200,ipsam aperiam voluptates qui,False
200,ipsam aperiam voluptates qui,False
200,ipsam aperiam voluptates qui,False
200,ipsam aperiam voluptates qui,False
200,ipsam aperiam voluptates qui,False
200,ipsam aperiam voluptates qui,False
200,ipsam aperiam voluptates qui,False
200,ipsam aperiam voluptates qui,False
200,ipsam aperiam voluptates qui,False
200,ipsam aperiam voluptates qui,False
200,ipsam aperiam voluptates qui,False
200,ipsam aperiam voluptates qui,False
200,ipsam aperiam voluptates qui,False
200,ipsam aperiam voluptates qui,False
200,ipsam aperiam voluptates qui,False
200,ipsam aperiam voluptates qui,False
200,ipsam aperiam voluptates qui,False
200,ipsam aperiam voluptates qui,False
200,ipsam aperiam voluptates qui,False
200,ipsam aperiam voluptates qui,False
200,ipsam aperiam voluptates qui,False
200,ipsam aperiam voluptates qui,False
200,ipsam aperiam voluptates qui,False
200,ipsam aperiam voluptates qui,False
200,ipsam aperiam voluptates qui,False
200,ipsam aperiam voluptates qui,False
200,ipsam aperiam voluptates qui,False
200,ipsam aperiam voluptates qui,False
200,ipsam aperiam voluptates qui,False
200,ipsam aperiam voluptates qui,False
200,ipsam aperiam voluptates qui,False
200,ipsam aperiam voluptates qui,False
200,ipsam aperiam voluptates qui,False
200,ipsam aperiam voluptates qui,False
200,ipsam aperiam voluptates qui,False
200,ipsam aperiam voluptates qui,False
200,ipsam aperiam voluptates qui,False
200,ipsam aperiam voluptates qui,False
200,ipsam aperiam voluptates qui,False
200,ipsam aperiam voluptates qui,False
200,ipsam aperiam voluptates qui,False
200,ipsam aperiam voluptates qui,False
200,ipsam aperiam voluptates qui,False
200,ipsam aperiam voluptates qui,False
200,ipsam aperiam voluptates qui,False
200,ipsam aperiam voluptates qui,False
200,ipsam aperiam voluptates qui,False
200,ipsam aperiam voluptates qui,False
200,ipsam aperiam voluptates qui,False
200,ipsam aperiam voluptates qui,False
200,ipsam aperiam voluptates qui,False
200,ipsam aperiam voluptates qui,False
200,ipsam aperiam voluptates qui,False
200,ipsam aperiam voluptates qui,False
200,ipsam aperiam voluptates qui,False
200,ipsam aperiam voluptates qui,False
200,ipsam aperiam voluptates qui,False
200,ipsam aperiam voluptates qui,False
200,ipsam aperiam voluptates qui,False
200,ipsam aperiam voluptates qui,False
200,ipsam aperiam voluptates qui,False
200,ipsam aperiam voluptates qui,False
200,ipsam aperiam voluptates qui,False
200,ipsam aperiam voluptates qui,False
200,ipsam aperiam voluptates qui,False
200,ipsam aperiam voluptates qui,False
200,ipsam aperiam voluptates qui,False
200,ipsam aperiam voluptates qui,False
200,ipsam aperiam voluptates qui,False
200,ipsam aperiam voluptates qui,False
200,ipsam aperiam voluptates qui,False
200,ipsam aperiam voluptates qui,False
200,ipsam aperiam voluptates qui,False
200,ipsam aperiam voluptates qui,False
200,ipsam aperiam voluptates qui,False
200,ipsam aperiam voluptates qui,False
200,ipsam aperiam voluptates qui,False
200,ipsam aperiam voluptates qui,False
200,ipsam aperiam voluptates qui,False
200,ipsam aperiam voluptates qui,False
200,ipsam aperiam voluptates qui,False
200,ipsam aperiam voluptates qui,False
200,ipsam aperiam voluptates qui,False
200,ipsam aperiam voluptates qui,False
200,ipsam aperiam voluptates qui,False
200,ipsam aperiam voluptates qui,False
200,ipsam aperiam voluptates qui,False
200,ipsam aperiam voluptates qui,False
200,ipsam aperiam voluptates qui,False
200,ipsam aperiam voluptates qui,False
200,ipsam aperiam voluptates qui,False
200,ipsam aperiam voluptates qui,False
200,ipsam aperiam voluptates qui,False
200,ipsam aperiam voluptates qui,False
200,ipsam aperiam voluptates qui,False
200,ipsam aperiam voluptates qui,False
200,ipsam aperiam voluptates qui,False
200,ipsam aperiam voluptates qui,False
200,ipsam aperiam voluptates qui,False
200,ipsam aperiam voluptates qui,False
200,ipsam aperiam voluptates qui,False
200,ipsam aperiam voluptates qui,False
200,ipsam aperiam voluptates qui,False
200,ipsam aperiam voluptates qui,False
200,ipsam aperiam voluptates qui,False
200,ipsam aperiam voluptates qui,False
200,ipsam aperiam voluptates qui,False
200,ipsam aperiam voluptates qui,False
200,ipsam aperiam voluptates qui,False
200,ipsam aperiam voluptates qui,False
200,ipsam aperiam voluptates qui,False
200,ipsam aperiam voluptates qui,False
200,ipsam aperiam voluptates qui,False
200,ipsam aperiam voluptates qui,False
200,ipsam aperiam voluptates qui,False
200,ipsam aperiam voluptates qui,False
200,ipsam aperiam voluptates qui,False
200,ipsam aperiam voluptates qui,False
200,ipsam aperiam voluptates qui,False
200,ipsam aperiam voluptates qui,False
200,ipsam aperiam voluptates qui,False
200,ipsam aperiam voluptates qui,False
200,ipsam aperiam voluptates qui,False
200,ipsam aperiam voluptates qui,False
200,ipsam aperiam voluptates qui,False
200,ipsam aperiam voluptates qui,False
200,ipsam aperiam voluptates qui,False
200,ipsam aperiam voluptates qui,False
200,ipsam aperiam voluptates qui,False
200,ipsam aperiam voluptates qui,False
200,ipsam aperiam voluptates qui,False
200,ipsam aperiam voluptates qui,False
200,ipsam aperiam voluptates qui,False
200,ipsam aperiam voluptates qui,False
200,ipsam aperiam voluptates qui,False
200,ipsam aperiam voluptates qui,False
200,ipsam aperiam voluptates qui,False
200,ipsam aperiam voluptates qui,False
200,ipsam aperiam voluptates qui,False
200,ipsam aperiam voluptates qui,False
200,ipsam aperiam voluptates qui,False
200,ipsam aperiam voluptates qui,False
200,ipsam aperiam voluptates qui,False
200,ipsam aperiam voluptates qui,False
200,ipsam aperiam voluptates qui,False
200,ipsam aperiam voluptates qui,False
200,ipsam aperiam voluptates qui,False
200,ipsam aperiam voluptates qui,False
200,ipsam aperiam voluptates qui,False
200,ipsam aperiam voluptates qui,False
200,ipsam aperiam voluptates qui,False
200,ipsam aperiam voluptates qui,False
200,ipsam aperiam voluptates qui,False
200,ipsam aperiam voluptates qui,False
200,ipsam aperiam voluptates qui,False
200,ipsam aperiam voluptates qui,False
200,ipsam aperiam voluptates qui,False
200,ipsam aperiam voluptates qui,False
200,ipsam aperiam voluptates qui,False
200,ipsam aperiam voluptates qui,False
200,ipsam aperiam voluptates qui,False
200,ipsam aperiam voluptates qui,False
200,ipsam aperiam voluptates qui,False
200,ipsam aperiam voluptates qui,False
200,ipsam aperiam voluptates qui,False
200,ipsam aperiam voluptates qui,False
200,ipsam aperiam voluptates qui,False
200,ipsam aperiam voluptates qui,False
200,ipsam aperiam voluptates qui,False
200,ipsam aperiam voluptates qui,False
200,ipsam aperiam voluptates qui,False
200,ipsam aperiam voluptates qui,False
200,ipsam aperiam voluptates qui,False
200,ipsam aperiam voluptates qui,False
200,ipsam aperiam voluptates qui,False
200,ipsam aperiam voluptates qui,False
200,ipsam aperiam voluptates qui,False
200,ipsam aperiam voluptates qui,False
200,ipsam aperiam voluptates qui,False
200,ipsam aperiam voluptates qui,False
200,ipsam aperiam voluptates qui,False
200,ipsam aperiam voluptates qui,False
200,ipsam aperiam voluptates qui,False
200,ipsam aperiam voluptates qui,False
200,ipsam aperiam voluptates qui,False
200,ipsam aperiam voluptates qui,False
200,ipsam aperiam voluptates qui,False
200,ipsam aperiam voluptates qui,False
200,ipsam aperiam voluptates qui,False
200,ipsam aperiam voluptates qui,False
200,ipsam aperiam voluptates qui,False
200,ipsam aperiam voluptates qui,False
200,ipsam aperiam voluptates qui,False
200,ipsam aperiam voluptates qui,False
200,ipsam aperiam voluptates qui,False
200,ipsam aperiam voluptates qui,False
200,ipsam aperiam voluptates qui,False
200,ipsam aperiam voluptates qui,False
200,ipsam aperiam voluptates qui,False
200,ipsam aperiam voluptates qui,False
200,ipsam aperiam voluptates qui,False
200,ipsam aperiam voluptates qui,False
200,ipsam aperiam voluptates qui,False
200,ipsam aperiam voluptates qui,False
200,ipsam aperiam voluptates qui,False
200,ipsam aperiam voluptates qui,False
200,ipsam aperiam voluptates qui,False
200,ipsam aperiam voluptates qui,False
200,ipsam aperiam voluptates qui,False
200,ipsam aperiam voluptates qui,False
200,ipsam aperiam voluptates qui,False
200,ipsam aperiam voluptates qui,False
200,ipsam aperiam voluptates qui,False
200,ipsam aperiam voluptates qui,False
200,ipsam aperiam voluptates qui,False
200,ipsam aperiam voluptates qui,False
200,ipsam aperiam voluptates qui,False
200,ipsam aperiam voluptates qui,False
200,ipsam aperiam voluptates qui,False
200,ipsam aperiam voluptates qui,False
200,ipsam aperiam voluptates qui,False
200,ipsam aperiam voluptates qui,False
200,ipsam aperiam voluptates qui,False
200,ipsam aperiam voluptates qui,False
200,ipsam aperiam voluptates qui,False
200,ipsam aperiam voluptates qui,False
200,ipsam aperiam voluptates qui,False
200,ipsam aperiam voluptates qui,False
200,ipsam aperiam voluptates qui,False
200,ipsam aperiam voluptates qui,False
200,ipsam aperiam voluptates qui,False
200,ipsam aperiam voluptates qui,False
200,ipsam aperiam voluptates qui,False
200,ipsam aperiam voluptates qui,False
200,ipsam aperiam voluptates qui,False
200,ipsam aperiam voluptates qui,False
200,ipsam aperiam voluptates qui,False
200,ipsam aperiam voluptates qui,False
200,ipsam aperiam voluptates qui,False
200,ipsam aperiam voluptates qui,False
200,ipsam aperiam voluptates qui,False
200,ipsam aperiam voluptates qui,False
200,ipsam aperiam voluptates qui,False
200,ipsam aperiam voluptates qui,False
200,ipsam aperiam voluptates qui,False
200,ipsam aperiam voluptates qui,False
200,ipsam aperiam voluptates qui,False
200,ipsam aperiam voluptates qui,False
200,ipsam aperiam voluptates qui,False
200,ipsam aperiam voluptates qui,False
200,ipsam aperiam voluptates qui,False
200,ipsam aperiam voluptates qui,False
200,ipsam aperiam voluptates qui,False
200,ipsam aperiam voluptates qui,False
200,ipsam aperiam voluptates qui,False
200,ipsam aperiam voluptates qui,False
200,ipsam aperiam voluptates qui,False
200,ipsam aperiam voluptates qui,False
200,ipsam aperiam voluptates qui,False
200,ipsam aperiam voluptates qui,False
200,ipsam aperiam voluptates qui,False
200,ipsam aperiam voluptates qui,False
200,ipsam aperiam voluptates qui,False
200,ipsam aperiam voluptates qui,False
200,ipsam aperiam voluptates qui,False
200,ipsam aperiam voluptates qui,False
200,ipsam aperiam voluptates qui,False
200,ipsam aperiam voluptates qui,False
200,ipsam aperiam voluptates qui,False
200,ipsam aperiam voluptates qui,False
200,ipsam aperiam voluptates qui,False
200,ipsam aperiam voluptates qui,False
200,ipsam aperiam voluptates qui,False
200,ipsam aperiam voluptates qui,False
200,ipsam aperiam voluptates qui,False
200,ipsam aperiam voluptates qui,False
200,ipsam aperiam voluptates qui,False
200,ipsam aperiam voluptates qui,False
200,ipsam aperiam voluptates qui,False
200,ipsam aperiam voluptates qui,False
200,ipsam aperiam voluptates qui,False
200,ipsam aperiam voluptates qui,False
200,ipsam aperiam voluptates qui,False
200,ipsam aperiam voluptates qui,False
200,ipsam aperiam voluptates qui,False
200,ipsam aperiam voluptates qui,False
200,ipsam aperiam voluptates qui,False
200,ipsam aperiam voluptates qui,False
200,ipsam aperiam voluptates qui,False
200,ipsam aperiam voluptates qui,False
200,ipsam aperiam voluptates qui,False
200,ipsam aperiam voluptates qui,False
200,ipsam aperiam voluptates qui,False
200,ipsam aperiam voluptates qui,False
200,ipsam aperiam voluptates qui,False
200,ipsam aperiam voluptates qui,False
200,ipsam aperiam voluptates qui,False
200,ipsam aperiam voluptates qui,False
200,ipsam aperiam voluptates qui,False
200,ipsam aperiam voluptates qui,False
200,ipsam aperiam voluptates qui,False
200,ipsam aperiam voluptates qui,False
200,ipsam aperiam voluptates qui,False
200,ipsam aperiam voluptates qui,False
200,ipsam aperiam voluptates qui,False
200,ipsam aperiam voluptates qui,False
200,ipsam aperiam voluptates qui,False
200,ipsam aperiam voluptates qui,False
200,ipsam aperiam voluptates qui,False
200,ipsam aperiam voluptates qui,False
200,ipsam aperiam voluptates qui,False
200,ipsam aperiam voluptates qui,False
200,ipsam aperiam voluptates qui,False
200,ipsam aperiam voluptates qui,False
200,ipsam aperiam voluptates qui,False
200,ipsam aperiam voluptates qui,False
200,ipsam aperiam voluptates qui,False
200,ipsam aperiam voluptates qui,False
200,ipsam aperiam voluptates qui,False
200,ipsam aperiam voluptates qui,False
200,ipsam aperiam voluptates qui,False
200,ipsam aperiam voluptates qui,False
200,ipsam aperiam voluptates qui,False
200,ipsam aperiam voluptates qui,False
200,ipsam aperiam voluptates qui,False
200,ipsam aperiam voluptates qui,False
200,ipsam aperiam voluptates qui,False
200,ipsam aperiam voluptates qui,False
200,ipsam aperiam voluptates qui,False
200,ipsam aperiam voluptates qui,False
200,ipsam aperiam voluptates qui,False
200,ipsam aperiam voluptates qui,False
200,ipsam aperiam voluptates qui,False
200,ipsam aperiam voluptates qui,False
200,ipsam aperiam voluptates qui,False
200,ipsam aperiam voluptates qui,False
200,ipsam aperiam voluptates qui,False
200,ipsam aperiam voluptates qui,False
200,ipsam aperiam voluptates qui,False
200,ipsam aperiam voluptates qui,False
200,ipsam aperiam voluptates qui,False
200,ipsam aperiam voluptates qui,False
200,ipsam aperiam voluptates qui,False
200,ipsam aperiam voluptates qui,False
200,ipsam aperiam voluptates qui,False
200,ipsam aperiam voluptates qui,False
200,ipsam aperiam voluptates qui,False
200,ipsam aperiam voluptates qui,False
200,ipsam aperiam voluptates qui,False
200,ipsam aperiam voluptates qui,False
200,ipsam aperiam voluptates qui,False
200,ipsam aperiam voluptates qui,False
200,ipsam aperiam voluptates qui,False
200,ipsam aperiam voluptates qui,False
200,ipsam aperiam voluptates qui,False
200,ipsam aperiam voluptates qui,False
200,ipsam aperiam voluptates qui,False
200,ipsam aperiam voluptates qui,False
200,ipsam aperiam voluptates qui,False
200,ipsam aperiam voluptates qui,False
200,ipsam aperiam voluptates qui,False
200,ipsam aperiam voluptates qui,False
200,ipsam aperiam voluptates qui,False
200,ipsam aperiam voluptates qui,False
200,ipsam aperiam voluptates qui,False
200,ipsam aperiam voluptates qui,False
200,ipsam aperiam voluptates qui,False
200,ipsam aperiam voluptates qui,False
200,ipsam aperiam voluptates qui,False
200,ipsam aperiam voluptates qui,False
200,ipsam aperiam voluptates qui,False
200,ipsam aperiam voluptates qui,False
200,ipsam aperiam voluptates qui,False
200,ipsam aperiam voluptates qui,False
200,ipsam aperiam voluptates qui,False
200,ipsam aperiam voluptates qui,False
200,ipsam aperiam voluptates qui,False
200,ipsam aperiam voluptates qui,False
200,ipsam aperiam voluptates qui,False
200,ipsam aperiam voluptates qui,False
200,ipsam aperiam voluptates qui,False
200,ipsam aperiam voluptates qui,False
200,ipsam aperiam voluptates qui,False
